x,y,x2,y2,State
3.5,3.17542,3.5,3.75278,NT
3.5,3.17542,3.5,3.75278,WA
3.5,3.75277,4.0,4.04145,NT
3.5,3.75277,4.0,4.04145,WA
4.0,4.04145,4.0,4.6188,SA
4.0,4.04145,4.0,4.6188,WA
3.5,4.90748,4.0,4.6188,SA
3.5,4.90748,4.0,4.6188,WA
3.5,4.90747,3.5,5.48483,SA
3.5,4.90747,3.5,5.48483,WA
4.0,2.88675,4.5,3.17542,NT
4.0,2.88675,4.5,3.17542,QLD
4.5,3.17542,4.5,3.75278,NT
4.5,3.17542,4.5,3.75278,QLD
4.0,4.04145,4.5,3.75278,NT
4.0,4.04145,4.5,3.75278,SA
3.5,3.75278,4.0,4.04145,NT
3.5,3.75278,4.0,4.04145,WA
4.0,2.88675,4.5,3.17543,NT
4.0,2.88675,4.5,3.17543,QLD
6.5,3.17543,7.0,2.88675,NSW
6.5,3.17543,7.0,2.88675,QLD
7.5,3.17543,8.0,2.88675,NSW
7.5,3.17543,8.0,2.88675,QLD
7.0,2.88675,7.5,3.17543,NSW
7.0,2.88675,7.5,3.17543,QLD
9.0,2.3094,9.0,2.88675,NSW
9.0,2.3094,9.0,2.88675,QLD
8.5,3.17543,9.0,2.88675,NSW
8.5,3.17543,9.0,2.88675,QLD
8.0,2.88675,8.5,3.17543,NSW
8.0,2.88675,8.5,3.17543,QLD
5.0,4.04145,5.5,3.75278,QLD
5.0,4.04145,5.5,3.75278,SA
4.5,3.75278,5.0,4.04145,QLD
4.5,3.75278,5.0,4.04145,SA
6.5,3.17542,6.5,3.75278,NSW
6.5,3.17542,6.5,3.75278,QLD
6.0,4.04145,6.5,3.75278,NSW
6.0,4.04145,6.5,3.75278,QLD
5.5,3.75278,6.0,4.04145,QLD
5.5,3.75278,6.0,4.04145,SA
4.5,3.75277,5.0,4.04145,QLD
4.5,3.75277,5.0,4.04145,SA
4.0,4.04145,4.5,3.75277,NT
4.0,4.04145,4.5,3.75277,SA
5.5,3.75277,6.0,4.04145,QLD
5.5,3.75277,6.0,4.04145,SA
6.0,4.04145,6.0,4.6188,NSW
6.0,4.04145,6.0,4.6188,SA
5.5,4.90748,6.0,4.6188,NSW
5.5,4.90748,6.0,4.6188,SA
5.0,4.04145,5.5,3.75277,QLD
5.0,4.04145,5.5,3.75277,SA
3.5,4.90747,4.0,4.6188,SA
3.5,4.90747,4.0,4.6188,WA
5.5,4.90747,5.5,5.48483,NSW
5.5,4.90747,5.5,5.48483,SA
5.5,5.48482,6.0,5.7735,NSW
5.5,5.48482,6.0,5.7735,SA
5.5,6.63953,6.0,6.35085,SA
5.5,6.63953,6.0,6.35085,VIC
6.5,5.48482,7.0,5.7735,NSW
6.5,5.48482,7.0,5.7735,SA
7.0,5.7735,7.0,6.35085,NSW
7.0,5.7735,7.0,6.35085,SA
6.5,6.63953,7.0,6.35085,SA
6.5,6.63953,7.0,6.35085,VIC
6.0,6.35085,6.5,6.63953,SA
6.0,6.35085,6.5,6.63953,VIC
6.0,5.7735,6.5,5.48482,NSW
6.0,5.7735,6.5,5.48482,SA
7.0,2.88675,7.5,3.17542,NSW
7.0,2.88675,7.5,3.17542,QLD
6.5,3.17542,7.0,2.88675,NSW
6.5,3.17542,7.0,2.88675,QLD
8.0,2.88675,8.5,3.17542,NSW
8.0,2.88675,8.5,3.17542,QLD
7.5,3.17542,8.0,2.88675,NSW
7.5,3.17542,8.0,2.88675,QLD
8.5,3.17542,9.0,2.88675,NSW
8.5,3.17542,9.0,2.88675,QLD
6.0,4.04145,6.5,3.75277,NSW
6.0,4.04145,6.5,3.75277,QLD
10.5,4.90748,11.0,4.6188,ACT
10.5,4.90748,11.0,4.6188,NSW
11.0,4.6188,11.5,4.90748,ACT
11.0,4.6188,11.5,4.90748,NSW
6.0,5.7735,6.5,5.48483,NSW
6.0,5.7735,6.5,5.48483,SA
5.5,5.48483,6.0,5.7735,NSW
5.5,5.48483,6.0,5.7735,SA
5.5,4.90747,6.0,4.6188,NSW
5.5,4.90747,6.0,4.6188,SA
6.5,5.48483,7.0,5.7735,NSW
6.5,5.48483,7.0,5.7735,SA
10.5,4.90747,10.5,5.48483,ACT
10.5,4.90747,10.5,5.48483,NSW
7.0,6.35085,7.5,6.63953,NSW
7.0,6.35085,7.5,6.63953,VIC
10.5,5.48482,11.0,5.7735,ACT
10.5,5.48482,11.0,5.7735,NSW
8.0,7.50555,8.5,7.21688,NSW
8.0,7.50555,8.5,7.21688,VIC
7.5,7.21688,8.0,7.50555,NSW
7.5,7.21688,8.0,7.50555,VIC
7.5,6.63952,7.5,7.21688,NSW
7.5,6.63952,7.5,7.21688,VIC
9.0,7.50555,9.5,7.21688,NSW
9.0,7.50555,9.5,7.21688,VIC
8.5,7.21688,9.0,7.50555,NSW
8.5,7.21688,9.0,7.50555,VIC
10.0,7.50555,10.5,7.21688,NSW
10.0,7.50555,10.5,7.21688,VIC
9.5,7.21688,10.0,7.50555,NSW
9.5,7.21688,10.0,7.50555,VIC
11.0,4.6188,11.5,4.90747,ACT
11.0,4.6188,11.5,4.90747,NSW
10.5,5.48483,11.0,5.7735,ACT
10.5,5.48483,11.0,5.7735,NSW
10.5,4.90747,11.0,4.6188,ACT
10.5,4.90747,11.0,4.6188,NSW
6.0,6.35085,6.5,6.63952,SA
6.0,6.35085,6.5,6.63952,VIC
5.5,6.63952,6.0,6.35085,SA
5.5,6.63952,6.0,6.35085,VIC
7.0,6.35085,7.5,6.63952,NSW
7.0,6.35085,7.5,6.63952,VIC
6.5,6.63952,7.0,6.35085,SA
6.5,6.63952,7.0,6.35085,VIC
7.5,7.21687,8.0,7.50555,NSW
7.5,7.21687,8.0,7.50555,VIC
8.5,7.21687,9.0,7.50555,NSW
8.5,7.21687,9.0,7.50555,VIC
8.0,7.50555,8.5,7.21687,NSW
8.0,7.50555,8.5,7.21687,VIC
9.5,7.21687,10.0,7.50555,NSW
9.5,7.21687,10.0,7.50555,VIC
9.0,7.50555,9.5,7.21687,NSW
9.0,7.50555,9.5,7.21687,VIC
10.0,7.50555,10.5,7.21687,NSW
10.0,7.50555,10.5,7.21687,VIC