LGA_Name,All_Circulatory,Ischaemic,Heart_Failure,Stroke,lon,lat
Albury,1042,252,126,135,146.9700615,-36.02626418
Armidale Regional,517,154,66,60,151.8992602,-30.36743942
Ballina,778,176,70,125,153.4862984,-28.85304442
Balranald,52,15,7,8,143.6114089,-33.95047813
Bathurst Regional,839,218,84,59,149.5258791,-33.43000974
Bayside (NSW),2425,421,364,388,151.1662993,-33.94957805
Bega Valley,913,230,108,114,149.7175295,-36.8258705
Bellingen,250,71,23,36,152.7285801,-30.4039059
Berrigan,263,75,31,39,145.7110636,-35.73406513
Blacktown,4934,1451,559,728,150.8639058,-33.74065066
Bland,148,32,26,15,146.9613325,-33.89434189
Blayney,151,60,24,9,149.1419727,-33.59442671
Blue Mountains,1169,311,147,182,150.4110222,-33.69759188
Bogan,63,24,8,0,146.8668553,-31.53809592
Bourke,78,31,10,8,145.3567958,-29.91060223
Brewarrina,45,18,0,0,146.9608507,-29.79175051
Broken Hill,465,127,61,35,141.4793537,-31.94389064
Burwood,475,99,74,58,151.1038246,-33.88261781
Byron,479,98,39,68,153.4825336,-28.60424843
Cabonne,250,58,40,32,148.7541877,-33.15302805
Camden,1215,298,105,152,150.7241517,-34.00907176
Campbelltown (NSW),2513,650,307,315,150.8460081,-34.08322163
Canada Bay,1196,244,180,177,151.1152587,-33.85379112
Canterbury-Bankstown,5551,1256,848,780,151.0374744,-33.92370585
Carrathool,56,16,7,0,145.4963887,-33.6090314
Central Coast (NSW),7004,1414,960,1062,151.2850102,-33.30798761
Central Darling,46,13,6,0,143.5897262,-31.85064518
Cessnock,835,278,102,124,151.2247172,-32.92511004
Clarence Valley,1348,336,165,187,152.7510787,-29.68171191
Cobar,105,40,13,7,145.4828167,-31.86793137
Coffs Harbour,1833,418,211,238,153.0396825,-30.1892489
Coolamon,79,18,8,11,147.1048346,-34.63255171
Coonamble,96,37,12,7,148.2916267,-30.87048909
Cootamundra-Gundagai Regional,332,58,48,55,148.0938787,-34.85289442
Cowra,320,80,62,30,148.7178957,-33.79635272
Cumberland,2875,778,422,367,150.9865649,-33.8417623
Dubbo Regional,1223,398,97,174,148.8543225,-32.42468108
Dungog,156,24,22,35,151.6082193,-32.34960381
Edward River,190,50,32,26,144.9416149,-35.17249061
Eurobodalla,1024,279,145,163,149.9467614,-35.94523125
Fairfield,2982,778,538,477,150.8964449,-33.86578109
Federation,389,111,46,57,146.2712841,-35.4967431
Forbes,246,66,41,27,147.8672185,-33.42162111
Georges River,2038,392,255,349,151.0861236,-33.97178067
Gilgandra,130,36,15,16,148.6906821,-31.61892644
Glen Innes Severn,236,69,35,25,151.9029537,-29.64488833
Goulburn Mulwaree,710,180,102,94,149.8134245,-34.87600712
Greater Hume Shire,225,51,26,36,147.1717843,-35.75024736
Griffith,538,138,97,55,146.0036237,-34.30029602
Gunnedah,190,44,28,29,150.1888551,-31.04670072
Gwydir,127,21,30,21,150.5168063,-29.5935681
Hawkesbury,871,244,105,87,150.7733828,-33.33482611
Hay,68,20,9,11,144.6836724,-34.31587905
Hilltops,442,82,62,63,148.5008116,-34.35211954
Hornsby,1529,334,177,243,151.0900394,-33.58406071
Hunters Hill,170,32,24,24,151.1415083,-33.83177092
Inner West,2098,396,289,270,151.1549992,-33.89153664
Inverell,358,103,45,34,151.075283,-29.41897204
Junee,185,32,27,31,147.6687913,-34.81726113
Kempsey,835,213,79,139,152.6448061,-30.95156776
Kiama,282,50,34,51,150.7565879,-34.67907316
Ku-ring-gai,1041,160,111,225,151.1510593,-33.73411208
Kyogle,226,58,27,23,152.77552,-28.61774963
Lachlan,160,43,27,17,146.9896136,-32.92014944
Lake Macquarie,2893,635,609,423,151.5299845,-33.03830274
Lane Cove,431,73,48,118,151.1660927,-33.81970865
Leeton,275,69,48,19,146.301996,-34.53239202
Lismore,977,185,88,124,153.2705808,-28.75586051
Lithgow,382,141,50,43,150.1792427,-33.27722198
Liverpool,2820,647,424,343,150.8250903,-33.93575084
Liverpool Plains,122,20,26,13,150.4384604,-31.5506253
Lockhart,54,13,0,7,146.7754998,-35.33119564
Maitland,987,272,134,170,151.5496133,-32.71092908
Mid-Coast,2054,446,322,377,152.0958097,-32.01521475
Mid-Western Regional,477,149,46,50,149.7423528,-32.5936937
Moree Plains,255,71,19,53,149.6287301,-29.2530015
Mosman,457,65,55,122,151.2437731,-33.82914352
Murray River,331,76,43,48,144.2118217,-35.32488357
Murrumbidgee,77,22,9,9,145.7293317,-34.94978627
Muswellbrook,220,60,42,34,150.6302354,-32.43994829
Nambucca Valley,626,132,85,89,152.768928,-30.68766283
Narrabri,229,61,19,40,149.5649034,-30.35647783
Narrandera,139,34,25,9,146.5796784,-34.61128951
Narromine,192,54,22,24,148.065492,-32.22604099
Newcastle,1959,410,357,273,151.6957944,-32.87973585
North Sydney,856,147,83,188,151.2121467,-33.83254671
Northern Beaches,2428,386,220,417,151.249215,-33.69054199
Oberon,130,30,13,14,149.8118106,-33.88288035
Orange,794,186,108,106,149.1203166,-33.32457119
Parkes,356,88,47,57,147.9613749,-32.88096238
Parramatta,2581,590,298,413,151.0298235,-33.79933275
Penrith,2765,703,389,320,150.718022,-33.76542579
Port Macquarie-Hastings,2325,534,256,289,152.5311994,-31.40976501
Port Stephens,1137,322,156,165,151.8440917,-32.72205336
Queanbeyan-Palerang Regional,728,155,94,138,149.6271308,-35.42267513
Randwick,1836,371,244,234,151.2404326,-33.94332977
Richmond Valley,671,151,98,93,153.0464605,-29.05944196
Ryde,1618,332,187,352,151.111016,-33.79939236
Shellharbour,1041,185,180,158,150.7730924,-34.58265696
Shoalhaven,2325,597,291,335,150.3733842,-35.09422598
Singleton,312,84,51,43,150.9646241,-32.66029931
Snowy Monaro Regional,364,117,48,44,148.9588505,-36.39643871
Snowy Valleys,397,74,52,61,148.2491543,-35.73368471
Strathfield,370,78,46,55,151.0769397,-33.88050355
Sutherland Shire,3335,509,346,650,151.0515106,-34.07514291
Sydney,2067,540,208,281,151.203026,-33.88845563
Tamworth Regional,1133,226,151,145,150.9070505,-30.89249738
Temora,175,31,25,29,147.4837982,-34.38796573
Tenterfield,180,53,27,19,152.0862291,-28.94384169
The Hills Shire,1464,398,118,237,150.9624436,-33.58839559
Tweed,1948,381,251,295,153.3564885,-28.35984312
Upper Hunter Shire,247,67,42,39,150.7266179,-31.96923705
Upper Lachlan Shire,157,49,21,14,149.4556038,-34.41745454
Uralla,120,33,15,19,151.3124964,-30.50772257
Wagga Wagga,1270,232,153,147,147.3664816,-35.19655604
Walcha,53,11,9,7,151.784491,-31.16387784
Walgett,176,70,24,19,148.1944926,-29.81655217
Warren,66,25,8,0,147.6799814,-31.32571387
Warrumbungle Shire,264,74,30,32,149.4053479,-31.46288755
Waverley,780,216,81,96,151.2663771,-33.89059355
Weddin,96,21,17,10,148.0112697,-33.8719072
Wentworth,176,51,24,27,142.2429275,-33.57011937
Willoughby,805,133,88,187,151.1977734,-33.80094696
Wingecarribee,719,234,64,102,150.356341,-34.47692298
Wollondilly,691,170,66,95,150.4437459,-34.10193159
Wollongong,3160,546,497,496,150.8369802,-34.36894649
Woollahra,742,255,64,81,151.2589998,-33.87061894
Yass Valley,278,80,31,32,148.8848713,-34.95427174
Unincorporated NSW,14,0,0,0,142.2155407,-30.6544581
Alpine,324,100,42,48,146.9743169,-36.85358136
Ararat,268,65,24,34,142.8431522,-37.47266534
Ballarat,1721,396,187,252,143.781594,-37.49286513
Banyule,1690,295,239,249,145.0850845,-37.73024581
Bass Coast,1061,260,144,123,145.558183,-38.50726226
Baw Baw,1358,404,149,125,146.1314779,-37.98416897
Bayside (Vic.),1254,227,141,202,145.0182973,-37.94224969
Benalla,461,113,78,65,146.0237127,-36.58705416
Boroondara,1078,184,124,247,145.0632526,-37.81942987
Brimbank,3185,745,516,479,144.8037094,-37.74753924
Buloke,160,40,25,21,143.0048336,-35.91244112
Campaspe,1109,264,193,133,144.7165019,-36.34522149
Cardinia,1807,469,181,196,145.5725225,-38.08311957
Casey,4996,1404,570,459,145.309018,-38.1043572
Central Goldfields,341,98,46,41,143.7138256,-37.00695706
Colac Otway,505,104,71,75,143.5952697,-38.45207005
Corangamite,361,78,48,56,143.1987317,-38.20432228
Darebin,2269,385,422,295,145.0138081,-37.73326104
East Gippsland,1563,369,172,174,148.2919223,-37.37795175
Frankston,2366,487,281,350,145.1738536,-38.13484686
Gannawarra,277,68,42,37,143.8037701,-35.75153948
Glen Eira,1591,289,211,236,145.0425137,-37.90129057
Glenelg,516,139,70,55,141.385797,-37.87055802
Golden Plains,300,75,17,41,143.842464,-37.88209507
Greater Bendigo,2128,495,277,282,144.4227633,-36.73425213
Greater Dandenong,2434,573,327,327,145.1900006,-38.00559167
Greater Geelong,4208,872,445,597,144.4171675,-38.06922001
Greater Shepparton,1415,372,184,168,145.3861357,-36.39701618
Hepburn,318,84,44,52,144.057489,-37.31690373
Hindmarsh,168,35,25,22,141.7526234,-36.05145357
Hobsons Bay,1370,306,217,223,144.8295722,-37.85488001
Horsham,402,104,51,51,142.0902619,-36.82591235
Hume,3674,901,531,383,144.8242272,-37.58895497
Indigo,406,98,47,46,146.7223463,-36.22515228
Kingston (Vic.),2251,451,305,356,145.1052456,-37.989011
Knox,1963,434,236,310,145.2586352,-37.8888835
Latrobe (Vic.),2102,558,268,232,146.4379968,-38.2747195
Loddon,154,37,22,22,143.8671859,-36.36385386
Macedon Ranges,674,138,75,76,144.6164627,-37.3354944
Manningham,1539,225,255,310,145.1884376,-37.76158358
Mansfield,210,44,26,21,146.2068156,-37.20024018
Maribyrnong,980,203,131,140,144.8773779,-37.79586571
Maroondah,1304,252,165,228,145.2650635,-37.80501602
Melbourne,913,150,94,137,144.9439727,-37.81064276
Melton,2197,568,240,266,144.6261044,-37.69295144
Mildura,1033,298,113,156,141.6828045,-34.86918828
Mitchell,925,180,127,141,145.0018924,-37.13752166
Moira,767,187,77,113,145.5504922,-36.06186149
Monash,2256,461,351,316,145.1438087,-37.89708652
Moonee Valley,1694,321,279,257,144.8958285,-37.74966467
Moorabool,535,113,56,70,144.2156498,-37.63287039
Moreland,2391,443,451,339,144.9489875,-37.73015136
Mornington Peninsula,2939,601,314,482,145.0360207,-38.34155247
Mount Alexander,414,98,53,85,144.1928673,-37.05079444
Moyne,366,81,48,43,142.4901568,-38.12237563
Murrindindi,328,76,47,49,145.6303869,-37.3110795
Nillumbik,804,150,68,119,145.2368564,-37.62252475
Northern Grampians,284,70,27,36,142.9196279,-36.84460965
Port Phillip,1212,196,154,154,144.9663497,-37.85237301
Pyrenees,175,54,28,16,143.3750111,-37.31646572
Queenscliffe,37,7,0,0,144.633365,-38.2703695
South Gippsland,795,163,96,105,146.0759387,-38.62124477
Southern Grampians,379,111,51,39,142.0332069,-37.53668075
Stonnington,941,112,126,180,145.0335552,-37.8578239
Strathbogie,278,62,43,46,145.4346988,-36.76009025
Surf Coast,344,80,18,69,144.0530874,-38.31238349
Swan Hill,429,134,63,52,143.1253408,-35.12033279
Towong,148,43,19,27,147.5988441,-36.35453349
Wangaratta,786,209,79,104,146.4284853,-36.58827736
Warrnambool,723,165,63,94,142.5121577,-38.37136103
Wellington,1168,272,141,177,146.9197434,-37.8934597
West Wimmera,117,24,18,15,141.279333,-36.67559233
Whitehorse,1668,273,215,350,145.154989,-37.83031738
Whittlesea,3639,765,572,396,145.0775999,-37.54738309
Wodonga,947,276,104,101,146.8828193,-36.15051286
Wyndham,2971,821,297,386,144.6181761,-37.88658473
Yarra,859,119,117,141,144.9982975,-37.80182992
Yarra Ranges,1835,384,207,293,145.6969926,-37.71441599
Yarriambiack,191,40,29,25,142.4190501,-35.99012988
Unincorporated Vic,18,0,0,0,145.8822879,-37.88504661
Aurukun,26,8,0,0,141.8284555,-13.60943328
Balonne,102,30,12,14,148.1161912,-28.31592229
Banana,309,76,34,42,149.9387774,-24.93508641
Barcaldine,86,28,15,0,145.6934693,-23.11368998
Barcoo,9,0,0,0,142.2674881,-25.1310103
Blackall Tambo,58,19,10,0,145.7911954,-24.78559947
Boulia,13,0,0,0,139.2464476,-22.48042089
Brisbane,13490,2341,1598,2316,153.0384057,-27.43793755
Bulloo,9,0,0,0,142.5948503,-28.02123577
Bundaberg,2415,597,260,379,152.0358058,-24.96767217
Burdekin,330,102,33,39,147.2430843,-19.82363039
Burke,12,0,0,0,138.9477936,-18.03138145
Cairns,2724,611,293,378,145.8189202,-17.15997506
Carpentaria,57,15,13,0,141.3647345,-17.4444063
Cassowary Coast,940,226,121,110,145.9255969,-17.95873771
Central Highlands (Qld),469,128,49,52,148.415796,-24.03141907
Charters Towers,341,91,48,41,145.7881948,-20.14884617
Cherbourg,39,11,0,0,151.9349764,-26.28821706
Cloncurry,100,27,22,6,140.2647391,-20.81768937
Cook,108,34,11,15,143.2594349,-14.23609685
Croydon,7,0,0,0,142.2168458,-18.55408211
Diamantina,7,0,0,0,139.7319837,-24.63022774
Doomadgee,38,10,9,0,138.7810321,-17.59624544
Douglas,348,115,19,35,145.286538,-16.22194997
Etheridge,17,0,0,0,143.6603797,-18.50456949
Flinders (Qld),41,11,9,0,144.3217384,-20.97390162
Fraser Coast,4534,1529,420,508,152.6762605,-25.52785255
Gladstone,1208,351,101,143,151.3068103,-24.17638846
Gold Coast,7946,1472,795,1147,153.3180794,-27.98135289
Goondiwindi,244,71,29,34,150.3399255,-28.37367019
Gympie,1375,334,153,175,152.4638083,-26.14695115
Hinchinbrook,316,84,44,38,146.0473879,-18.66181525
Hope Vale,23,7,0,0,145.1915843,-15.16730861
Ipswich,3282,672,429,388,152.6672918,-27.66574978
Isaac,212,71,24,17,147.8911316,-22.23826716
Kowanyama,26,8,0,0,141.8108218,-15.31932611
Livingstone,732,188,83,118,150.1936383,-22.79660915
Lockhart River,15,0,0,0,143.2401406,-13.00533336
Lockyer Valley,732,162,94,105,152.2407017,-27.64267521
Logan,6552,1177,800,1283,153.0404257,-27.76232874
Longreach,111,36,19,7,143.9593349,-23.71810526
Mackay,2517,666,245,275,148.8033345,-21.14075066
McKinlay,23,6,0,0,141.5869646,-20.53399858
Mapoon,10,0,0,0,141.9198594,-12.14185946
Maranoa,264,74,29,39,148.287722,-26.5442381
Mareeba,666,188,69,100,143.9551891,-16.98468508
Moreton Bay,9953,2393,1022,1298,152.883135,-27.11795612
Mornington,28,8,6,0,139.4010977,-16.62997478
Mount Isa,433,132,53,38,138.7822273,-19.95389433
Murweh,110,33,9,19,146.4895322,-26.18961277
Napranum,21,7,0,0,142.113206,-12.51554277
Noosa,959,136,80,302,152.9456293,-26.32479405
North Burnett,372,94,33,72,151.2042178,-25.35530586
Northern Peninsula Area,66,21,7,9,142.3128398,-11.00522706
Palm Island,61,16,9,7,146.6020434,-18.73074541
Paroo,47,14,0,8,145.7712938,-28.07297619
Pormpuraaw,15,0,0,0,141.8074429,-14.71941353
Quilpie,20,0,0,0,143.8934368,-26.34881352
Redland,2926,592,384,441,153.3608153,-27.56749359
Richmond,21,0,0,0,142.9010854,-20.54059475
Rockhampton,1595,430,191,200,150.2184315,-23.44109363
Scenic Rim,645,120,74,80,152.796181,-28.06235747
Somerset,625,158,86,67,152.4253288,-27.00904622
South Burnett,905,258,123,92,151.6470523,-26.40519793
Southern Downs,927,196,158,101,151.8858624,-28.40537557
Sunshine Coast,7288,968,689,2153,152.8981482,-26.69577729
Tablelands,757,192,86,102,145.3304623,-17.93080771
Toowoomba,2485,456,326,368,151.5338612,-27.58200449
Townsville,2779,596,279,319,146.7114584,-19.39080393
Weipa,98,30,10,14,141.8736252,-12.63453007
Western Downs,731,191,91,105,150.347682,-26.84175367
Whitsunday,873,249,78,83,147.7237481,-20.70132001
Winton,31,9,0,0,142.4245459,-22.53911501
Woorabinda,20,6,0,0,149.5255915,-23.94428269
Wujal Wujal,7,0,0,0,145.3117581,-15.97018225
Yarrabah,79,21,10,10,145.8969509,-16.99386992
Adelaide,227,40,24,45,138.5988775,-34.92213929
Adelaide Hills,375,68,42,82,138.8360742,-34.89299555
Adelaide Plains,167,51,15,19,138.4547015,-34.48076476
Alexandrina,583,136,74,97,138.8783017,-35.35190995
Barossa,492,130,40,62,139.0013076,-34.62106639
Barunga West,72,14,8,13,137.9563527,-33.79880743
Berri Barmera,295,63,63,21,140.4890482,-34.26572456
Burnside,399,52,61,131,138.6592711,-34.93992356
Campbelltown (SA),676,128,133,122,138.6819078,-34.88365441
Ceduna,97,26,11,11,133.8724743,-32.10205609
Charles Sturt,1877,333,300,357,138.5238701,-34.89027714
Clare and Gilbert Valleys,193,50,12,31,138.7360092,-34.00397977
Cleve,38,7,7,0,136.284725,-33.65026215
Coober Pedy,31,8,0,0,134.7523208,-29.01582826
Copper Coast,395,109,48,58,137.7289017,-33.98338294
Elliston,26,7,0,0,135.3450747,-33.56140435
Flinders Ranges,50,22,0,0,138.3012231,-32.07556111
Franklin Harbour,28,0,0,0,136.9643246,-33.53432135
Gawler,530,126,79,40,138.7299885,-34.62199841
Goyder,120,33,11,10,139.0740963,-33.64601435
Grant,184,52,26,19,140.7248702,-37.84605981
Holdfast Bay,554,96,70,103,138.521391,-35.00172694
Kangaroo Island,129,25,17,15,137.2399594,-35.82770985
Karoonda East Murray,24,7,0,0,140.0200996,-34.95050261
Kimba,23,0,0,0,136.1437569,-33.00263229
Kingston (SA),42,11,6,6,140.025542,-36.64353468
Light,255,60,34,34,138.8464649,-34.41110205
Lower Eyre Peninsula,146,43,17,16,135.5967858,-34.41172974
Loxton Waikerie,273,63,32,32,140.3515835,-34.50818091
Maralinga Tjarutja,0,0,0,0,130.9625246,-29.34988494
Marion,1433,235,227,271,138.5399865,-35.0323181
Mid Murray,230,48,23,31,139.4613714,-34.45024165
Mitcham,831,122,119,144,138.6221542,-35.00353337
Mount Barker,466,99,50,81,138.8749437,-35.08579703
Mount Gambier,593,136,104,61,140.7816507,-37.82538474
Mount Remarkable,84,23,8,19,138.20509,-32.7582597
Murray Bridge,511,128,68,69,139.3016591,-35.15929178
Naracoorte Lucindale,189,57,25,22,140.5473176,-36.97728578
Northern Areas,106,29,16,18,138.5113913,-33.28638194
Norwood Payneham and St Peters,448,75,75,62,138.6361607,-34.9068653
Onkaparinga,3102,561,453,455,138.5686152,-35.17853719
Orroroo Carrieton,25,7,0,0,138.6393589,-32.52078553
Peterborough,48,13,0,11,139.0596271,-32.86406972
Playford,1748,373,264,201,138.6629605,-34.68902119
Port Adelaide Enfield,1911,384,256,320,138.5607286,-34.84042322
Port Augusta,418,186,40,36,137.7512969,-32.59076118
Port Lincoln,346,112,46,32,135.8506815,-34.72866181
Port Pirie,492,116,108,67,138.1059274,-33.37665864
Prospect,202,33,32,37,138.5982052,-34.88398236
Renmark Paringa,240,63,26,29,140.8141052,-34.1823641
Robe,28,8,0,0,139.9793697,-37.18761454
Roxby Downs,57,22,0,0,136.8811912,-30.5542889
Salisbury,2222,551,297,270,138.6113506,-34.77254766
Southern Mallee,47,13,7,0,140.5743127,-35.39387772
Streaky Bay,59,16,7,7,134.5641561,-32.70883535
Tatiara,125,34,18,19,140.5844101,-36.22788843
Tea Tree Gully,1485,298,215,225,138.7179399,-34.80509406
Coorong,131,37,20,16,139.7612816,-35.71372516
Tumby Bay,71,20,8,9,136.0197482,-34.17942514
Unley,376,56,57,92,138.6037643,-34.95469682
Victor Harbor,408,89,56,79,138.5461387,-35.51244893
Wakefield,190,37,21,33,138.3565497,-33.99146652
Walkerville,73,12,12,14,138.617466,-34.89278117
Wattle Range,361,82,61,56,140.5188922,-37.47042283
West Torrens,803,150,163,115,138.5441074,-34.94154866
Whyalla,609,153,72,80,137.4944585,-33.03726397
Wudinna,28,8,0,0,135.3146929,-33.0286017
Yankalilla,147,32,20,28,138.3369202,-35.51877237
Yorke Peninsula,373,95,58,48,137.5601148,-34.68353042
Unincorporated SA,67,18,7,9,136.7746689,-29.58789199
Albany,776,194,93,126,118.182896,-34.73855804
Armadale,1279,335,162,152,116.1368382,-32.16768294
Ashburton,45,11,8,9,116.726261,-22.49366087
Augusta Margaret River,176,27,26,30,115.2276716,-34.0308873
Bassendean,269,64,32,33,115.9459128,-31.90443459
Bayswater,998,219,142,163,115.9079291,-31.90369592
Belmont,675,141,95,88,115.948272,-31.95593557
Beverley,31,8,0,0,116.7965938,-32.17466688
Boddington,27,6,0,0,116.3999906,-32.81624835
Boyup Brook,26,0,0,0,116.5241032,-33.89177173
Bridgetown-Greenbushes,76,6,11,12,116.1910315,-34.00372001
Brookton,24,0,0,0,117.003272,-32.36190995
Broome,368,94,41,38,122.4634959,-18.67042544
Broomehill-Tambellup,20,7,0,0,117.6614045,-34.00253489
Bruce Rock,18,0,0,0,118.0286073,-31.95261142
Bunbury,509,56,97,82,115.6646972,-33.35162624
Busselton,559,67,68,111,115.3491451,-33.71845147
Cambridge,219,37,24,46,115.7866224,-31.93623124
Canning,1040,221,178,145,115.9159809,-32.03682671
Capel,177,25,18,17,115.6357895,-33.53220142
Carnamah,11,0,0,0,115.5779355,-29.77321117
Carnarvon,96,31,19,0,114.3910613,-24.34989672
Chapman Valley,27,0,0,0,115.0590869,-28.32238817
Chittering,96,26,12,10,116.0782828,-31.37444305
Claremont,111,19,10,29,115.7789615,-31.98057008
Cockburn,1315,297,188,181,115.7939897,-32.11437056
Collie,134,16,23,26,116.2118393,-33.2834373
Coolgardie,61,20,8,10,120.9645117,-31.18681454
Coorow,22,0,0,0,115.7590736,-30.02163923
Corrigin,26,0,0,0,117.7989425,-32.35839538
Cottesloe,81,15,6,23,115.7575018,-31.99460447
Cranbrook,21,7,0,0,117.2858978,-34.31482195
Cuballing,14,0,0,0,117.1592132,-32.73530954
Cue,0,0,0,0,117.9400721,-27.31079114
Cunderdin,23,6,0,0,117.1556375,-31.59975469
Dalwallinu,29,0,6,0,116.9448296,-30.12517024
Dandaragan,54,15,7,0,115.5060708,-30.53955825
Dardanup,146,8,23,23,115.8519989,-33.41542566
Denmark,135,35,14,18,117.1190903,-34.89036292
Derby-West Kimberley,249,57,50,24,124.9785243,-17.79208662
Donnybrook-Balingup,89,7,13,14,115.9735364,-33.6696491
Dowerin,15,0,0,0,117.111246,-31.10760051
Dumbleyung,11,0,0,0,117.964614,-33.22459939
Dundas,12,0,0,0,124.4180752,-32.01130359
East Fremantle,75,14,12,13,115.7680997,-32.03808787
East Pilbara,81,33,8,12,123.5964481,-21.76840339
Esperance,204,50,31,35,122.2499671,-33.22107154
Exmouth,56,11,0,0,114.1671309,-22.52171497
Fremantle,343,62,45,65,115.7663176,-32.05722779
Gingin,90,24,11,9,115.6992099,-31.19148532
Gnowangerup,23,8,0,0,118.2887651,-34.06205154
Goomalling,20,0,0,0,116.7848158,-31.24273038
Gosnells,1691,437,248,241,115.9924,-32.06591666
Greater Geraldton,867,222,108,107,115.4983425,-28.56143959
Halls Creek,106,33,26,0,127.6167618,-19.25812215
Harvey,372,44,43,46,115.9126393,-33.10102824
Irwin,77,21,10,10,115.0917463,-29.32595125
Jerramungup,22,8,0,0,119.1010597,-34.07049886
Joondalup,1702,358,146,268,115.766626,-31.78343466
Kalamunda,849,196,99,133,116.1229126,-32.01238692
Kalgoorlie-Boulder,445,146,60,48,125.0513262,-30.74940492
Karratha,205,58,22,25,117.0372688,-21.04990695
Katanning,67,12,19,12,117.684079,-33.64837848
Kellerberrin,20,0,0,0,117.8147294,-31.58227349
Kent,9,0,0,0,118.5723547,-33.55081252
Kojonup,35,12,0,8,117.0479738,-33.90760741
Kondinin,13,0,0,0,119.1847809,-32.42725602
Koorda,8,0,0,0,117.4254444,-30.59040275
Kulin,12,0,0,0,118.5761719,-32.71746282
Kwinana,620,170,72,77,115.828339,-32.22756899
Lake Grace,20,0,0,0,119.287468,-33.05984646
Laverton,26,8,0,0,125.4017131,-27.89109954
Leonora,31,10,0,0,121.1453254,-28.21228886
Mandurah,1652,424,191,191,115.682571,-32.6344353
Manjimup,157,22,27,24,116.3257945,-34.5570854
Meekatharra,15,0,0,0,118.8640295,-25.14007714
Melville,971,220,115,196,115.8284946,-32.04692521
Menzies,10,0,0,0,123.9711798,-29.57508415
Merredin,55,15,7,11,118.3594746,-31.51536827
Mingenew,9,0,0,0,115.4843274,-29.1581369
Moora,48,10,11,6,116.1855296,-30.4979892
Morawa,14,0,0,0,116.017032,-29.06692964
Mosman Park,93,17,7,26,115.7650588,-32.01510131
Mount Magnet,8,0,0,0,117.9764358,-28.23804449
Mount Marshall,8,0,0,0,117.9621957,-30.183782
Mukinbudin,10,0,0,0,118.3110924,-30.62995566
Mundaring,610,173,54,98,116.2513819,-31.89993002
Murchison,0,0,0,0,116.2997216,-26.75188016
Murray,344,81,26,60,115.9893271,-32.62366745
Nannup,27,0,0,0,115.6638197,-34.12861098
Narembeen,14,0,0,0,118.6538418,-32.04711009
Narrogin,111,28,20,17,117.2617566,-32.99530312
Nedlands,188,18,25,30,115.7894896,-31.97280915
Ngaanyatjarraku,27,8,0,0,126.835316,-25.09481577
Northam,211,52,21,30,116.6357183,-31.68590663
Northampton,68,18,9,9,114.6458276,-27.75312306
Nungarin,0,0,0,0,118.2081161,-31.14943158
Peppermint Grove,16,0,0,0,115.7675226,-31.99905802
Perenjori,13,0,0,0,116.6114038,-29.44396442
Perth,252,49,35,35,115.8466943,-31.95930412
Pingelly,27,0,0,0,117.2221169,-32.51991156
Plantagenet,116,29,12,15,117.5619728,-34.59717567
Port Hedland,256,69,41,25,118.6730913,-20.92867366
Quairading,17,0,0,0,117.4235219,-32.00492283
Ravensthorpe,32,0,0,9,120.1384969,-33.61617048
Rockingham,2009,520,252,243,115.7891851,-32.34422107
Sandstone,0,0,0,0,119.1730821,-28.33595555
Serpentine-Jarrahdale,353,100,45,23,116.034232,-32.34417156
Shark Bay,18,0,0,0,114.5254779,-26.5369037
South Perth,446,91,44,90,115.8708363,-31.9978053
Stirling,2652,525,356,439,115.8195997,-31.88546103
Subiaco,152,25,23,25,115.8179837,-31.95216317
Swan,1902,507,206,250,116.0673261,-31.74116853
Tammin,7,0,0,0,117.4949599,-31.60668273
Three Springs,12,0,0,0,115.5772719,-29.52573773
Toodyay,97,20,21,13,116.3806181,-31.47103302
Trayning,0,0,0,0,117.8068992,-31.14395128
Upper Gascoyne,0,0,0,0,116.3551382,-24.7265716
Victoria Park,446,76,55,68,115.901499,-31.97932544
Victoria Plains,17,0,0,0,116.3195145,-31.014261
Vincent,379,60,47,52,115.8527713,-31.93110499
Wagin,27,6,0,0,117.3702029,-33.27641771
Wandering,14,0,0,0,116.5812499,-32.54708064
Wanneroo,2394,587,252,313,115.7629229,-31.61191964
Waroona,70,10,8,13,115.9198346,-32.85796996
West Arthur,12,0,0,0,116.7395144,-33.45714322
Westonia,0,0,0,0,118.6562542,-30.96741787
Wickepin,11,0,0,0,117.6716279,-32.80725881
Williams,16,0,0,0,116.7281898,-33.07132175
Wiluna,7,0,0,0,122.2451261,-25.31201071
Wongan-Ballidu,27,0,0,0,116.8426572,-30.7170668
Woodanilling,8,0,0,0,117.3380988,-33.5336136
Wyalkatchem,10,0,0,0,117.4351993,-31.18672481
Wyndham-East Kimberley,222,69,54,10,127.0525726,-15.55969536
Yalgoo,0,0,0,0,117.0502735,-28.5651235
Yilgarn,21,0,0,0,119.3420071,-30.95730306
York,65,16,7,9,116.7353785,-31.92642
Break O'Day,165,40,22,27,148.0502054,-41.42526542
Brighton,287,52,41,37,147.2611213,-42.71925491
Burnie,406,137,55,45,145.8061406,-41.21614059
Central Coast (Tas.),393,136,48,46,146.0400259,-41.28109097
Central Highlands (Tas.),41,10,0,0,146.6461037,-42.21219019
Circular Head,123,38,11,13,145.0150636,-41.07939084
Clarence,796,146,108,128,147.4340513,-42.83660142
Derwent Valley,176,43,22,18,146.4213944,-42.81289546
Devonport,571,154,73,76,146.3118482,-41.20881388
Dorset,166,41,22,27,147.7078917,-41.0724872
Flinders (Tas.),23,0,0,0,148.1000969,-40.11991929
George Town,172,42,23,28,147.0261529,-41.10237427
Glamorgan-Spring Bay,90,16,8,12,147.9652816,-42.26905354
Glenorchy,760,133,136,97,147.2194372,-42.83981925
Hobart,505,92,52,109,147.2872635,-42.89833027
Huon Valley,276,50,24,50,146.5972792,-43.25099062
Kentish,156,48,21,26,146.1835812,-41.45399697
King Island,33,0,0,7,143.9858854,-39.8640571
Kingborough,413,102,41,77,147.2628783,-43.1883006
Latrobe (Tas.),260,71,30,46,146.5601591,-41.24377137
Launceston,1171,282,152,159,147.3058114,-41.36065498
Meander Valley,327,88,35,45,146.4848933,-41.62650855
Northern Midlands,233,53,23,28,147.4602152,-41.84006817
Sorell,211,43,26,27,147.6952793,-42.77833077
Southern Midlands,109,26,13,16,147.4006291,-42.43450624
Tasman,56,8,7,8,147.8348698,-43.05425511
Waratah-Wynyard,227,78,31,23,145.4953709,-41.38322518
West Coast,87,26,15,0,145.6373176,-42.29814682
West Tamar,397,102,40,79,146.8644827,-41.28171053
Alice Springs,670,190,70,56,133.8547634,-23.73511809
Barkly,317,105,45,31,135.0847292,-19.44407834
Belyuen,0,0,0,0,130.683136,-12.5382198
Central Desert,146,40,25,12,132.4149892,-21.48980794
Coomalie,29,10,0,0,131.0828818,-13.12572026
Darwin,1102,254,114,153,130.8872688,-12.39852246
East Arnhem,207,66,16,27,135.7445765,-12.9333813
Katherine,259,80,37,25,132.1951442,-14.69015901
Litchfield,318,66,28,31,131.1216295,-12.53708092
MacDonnell,240,66,42,17,133.161494,-24.63731441
Palmerston,532,112,57,53,130.9790533,-12.50231616
Roper Gulf,227,62,34,27,134.6511557,-15.43485207
Tiwi Islands,53,18,6,0,130.8163642,-11.55989438
Victoria Daly,88,25,13,9,130.6586013,-16.24955427
Wagait,9,0,0,0,130.750325,-12.44111334
West Arnhem,142,49,17,8,133.2587288,-12.50837821
West Daly,67,23,8,0,130.0602002,-14.22315738
Unincorporated NT,170,53,18,18,131.1868867,-13.11217816
Unincorporated ACT,5606,1239,709,855,149.0025235,-35.48849205
