BMI_Category,Age_Group,Proportion,BMI_Midpoint,Age_Sort
Anchor Low,18-24,0.0,15.0,1
Underweight (less than 18.50),18-24,4.9,17.5,1
Normal range (18.50-19.99),18-24,12.6,19.25,1
Normal range (20.00-24.99),18-24,40.8,22.5,1
Overweight (25.00-29.99),18-24,27.3,27.5,1
Obesity class I (30.00-34.99),18-24,8.5,32.5,1
Obesity class II (35.00-39.99),18-24,3.5,37.5,1
Obesity class III (40.00 or more),18-24,2.9,42.5,1
Anchor High,18-24,0.0,45.0,1
Anchor Low,25-34,0.0,15.0,2
Underweight (less than 18.50),25-34,1.7,17.5,2
Normal range (18.50-19.99),25-34,3.9,19.25,2
Normal range (20.00-24.99),25-34,33.9,22.5,2
Overweight (25.00-29.99),25-34,30.8,27.5,2
Obesity class I (30.00-34.99),25-34,16.7,32.5,2
Obesity class II (35.00-39.99),25-34,7.9,37.5,2
Obesity class III (40.00 or more),25-34,3.3,42.5,2
Anchor High,25-34,0.0,45.0,2
Anchor Low,35-44,0.0,15.0,3
Underweight (less than 18.50),35-44,1.2,17.5,3
Normal range (18.50-19.99),35-44,2.6,19.25,3
Normal range (20.00-24.99),35-44,28.6,22.5,3
Overweight (25.00-29.99),35-44,34.9,27.5,3
Obesity class I (30.00-34.99),35-44,18.8,32.5,3
Obesity class II (35.00-39.99),35-44,8.2,37.5,3
Obesity class III (40.00 or more),35-44,4.7,42.5,3
Anchor High,35-44,0.0,45.0,3
Anchor Low,45-54,0.0,15.0,4
Underweight (less than 18.50),45-54,0.7,17.5,4
Normal range (18.50-19.99),45-54,1.7,19.25,4
Normal range (20.00-24.99),45-54,24.1,22.5,4
Overweight (25.00-29.99),45-54,36.8,27.5,4
Obesity class I (30.00-34.99),45-54,20.2,32.5,4
Obesity class II (35.00-39.99),45-54,8.7,37.5,4
Obesity class III (40.00 or more),45-54,6.7,42.5,4
Anchor High,45-54,0.0,45.0,4
Anchor Low,55-64,0.0,15.0,5
Underweight (less than 18.50),55-64,1.0,17.5,5
Normal range (18.50-19.99),55-64,1.8,19.25,5
Normal range (20.00-24.99),55-64,22.4,22.5,5
Overweight (25.00-29.99),55-64,36.0,27.5,5
Obesity class I (30.00-34.99),55-64,22.8,32.5,5
Obesity class II (35.00-39.99),55-64,9.6,37.5,5
Obesity class III (40.00 or more),55-64,5.4,42.5,5
Anchor High,55-64,0.0,45.0,5
Anchor Low,65+,0.0,15.0,6
Underweight (less than 18.50),65+,1.3,17.5,6
Normal range (18.50-19.99),65+,1.8,19.25,6
Normal range (20.00-24.99),65+,23.2,22.5,6
Overweight (25.00-29.99),65+,36.4,27.5,6
Obesity class I (30.00-34.99),65+,22.7,32.5,6
Obesity class II (35.00-39.99),65+,8.6,37.5,6
Obesity class III (40.00 or more),65+,4.9,42.5,6
Anchor High,65+,0.0,45.0,6