Tile,State,X,Y,Smoking_Pct,Obesity_Pct,Hypertension_Pct,Ttl_Population
WA_1,WA,1,3,10.5,68.0,24.2,2000000
WA_2,WA,2,3,10.5,68.0,24.2,2000000
WA_3,WA,1,4,10.5,68.0,24.2,2000000
WA_4,WA,2,4,10.5,68.0,24.2,2000000
WA_5,WA,3,4,10.5,68.0,24.2,2000000
WA_6,WA,2,5,10.5,68.0,24.2,2000000
WA_7,WA,3,5,10.5,68.0,24.2,2000000
WA_8,WA,3,6,10.5,68.0,24.2,2000000
NT_1,NT,4,4,13.5,63.8,19.6,250000
QLD_1,QLD,5,1,14.0,68.8,20.0,4000000
QLD_2,QLD,6,1,14.0,68.8,20.0,4000000
QLD_3,QLD,7,1,14.0,68.8,20.0,4000000
QLD_4,QLD,8,1,14.0,68.8,20.0,4000000
QLD_5,QLD,4,2,14.0,68.8,20.0,4000000
QLD_6,QLD,5,2,14.0,68.8,20.0,4000000
QLD_7,QLD,6,2,14.0,68.8,20.0,4000000
QLD_8,QLD,7,2,14.0,68.8,20.0,4000000
QLD_9,QLD,8,2,14.0,68.8,20.0,4000000
QLD_10,QLD,4,3,14.0,68.8,20.0,4000000
QLD_11,QLD,5,3,14.0,68.8,20.0,4000000
QLD_12,QLD,6,3,14.0,68.8,20.0,4000000
QLD_13,QLD,7,3,14.0,68.8,20.0,4000000
QLD_14,QLD,8,3,14.0,68.8,20.0,4000000
QLD_15,QLD,5,4,14.0,68.8,20.0,4000000
QLD_16,QLD,6,4,14.0,68.8,20.0,4000000
SA_1,SA,4,5,9.7,68.0,26.9,1500000
SA_2,SA,5,5,9.7,68.0,26.9,1500000
SA_3,SA,4,6,9.7,68.0,26.9,1500000
SA_4,SA,5,6,9.7,68.0,26.9,1500000
SA_5,SA,5,7,9.7,68.0,26.9,1500000
SA_6,SA,6,7,9.7,68.0,26.9,1500000
NSW_1,NSW,9,3,10.0,63.1,23.8,6250000
NSW_2,NSW,10,3,10.0,63.1,23.8,6250000
NSW_3,NSW,7,4,10.0,63.1,23.8,6250000
NSW_4,NSW,8,4,10.0,63.1,23.8,6250000
NSW_5,NSW,9,4,10.0,63.1,23.8,6250000
NSW_6,NSW,10,4,10.0,63.1,23.8,6250000
NSW_7,NSW,11,4,10.0,63.1,23.8,6250000
NSW_8,NSW,6,5,10.0,63.1,23.8,6250000
NSW_9,NSW,7,5,10.0,63.1,23.8,6250000
NSW_10,NSW,8,5,10.0,63.1,23.8,6250000
NSW_11,NSW,9,5,10.0,63.1,23.8,6250000
NSW_12,NSW,10,5,10.0,63.1,23.8,6250000
NSW_13,NSW,11,5,10.0,63.1,23.8,6250000
NSW_14,NSW,6,6,10.0,63.1,23.8,6250000
NSW_15,NSW,7,6,10.0,63.1,23.8,6250000
NSW_16,NSW,8,6,10.0,63.1,23.8,6250000
NSW_17,NSW,9,6,10.0,63.1,23.8,6250000
NSW_18,NSW,10,6,10.0,63.1,23.8,6250000
NSW_19,NSW,7,7,10.0,63.1,23.8,6250000
NSW_20,NSW,8,7,10.0,63.1,23.8,6250000
NSW_21,NSW,9,7,10.0,63.1,23.8,6250000
NSW_22,NSW,10,7,10.0,63.1,23.8,6250000
NSW_23,NSW,8,8,10.0,63.1,23.8,6250000
NSW_24,NSW,9,8,10.0,63.1,23.8,6250000
NSW_25,NSW,10,8,10.0,63.1,23.8,6250000
ACT_1,ACT,11,6,5.9,64.0,22.6,250000
VIC_1,VIC,6,8,9.3,65.3,23.9,5250000
VIC_2,VIC,7,8,9.3,65.3,23.9,5250000
VIC_3,VIC,5,9,9.3,65.3,23.9,5250000
VIC_4,VIC,6,9,9.3,65.3,23.9,5250000
VIC_5,VIC,7,9,9.3,65.3,23.9,5250000
VIC_6,VIC,8,9,9.3,65.3,23.9,5250000
VIC_7,VIC,9,9,9.3,65.3,23.9,5250000
VIC_8,VIC,10,9,9.3,65.3,23.9,5250000
VIC_9,VIC,5,10,9.3,65.3,23.9,5250000
VIC_10,VIC,6,10,9.3,65.3,23.9,5250000
VIC_11,VIC,7,10,9.3,65.3,23.9,5250000
VIC_12,VIC,8,10,9.3,65.3,23.9,5250000
VIC_13,VIC,9,10,9.3,65.3,23.9,5250000
VIC_14,VIC,10,10,9.3,65.3,23.9,5250000
VIC_15,VIC,6,11,9.3,65.3,23.9,5250000
VIC_16,VIC,7,11,9.3,65.3,23.9,5250000
VIC_17,VIC,8,11,9.3,65.3,23.9,5250000
VIC_18,VIC,9,11,9.3,65.3,23.9,5250000
VIC_19,VIC,7,12,9.3,65.3,23.9,5250000
VIC_20,VIC,8,12,9.3,65.3,23.9,5250000
VIC_21,VIC,9,12,9.3,65.3,23.9,5250000
TAS_1,TAS,7,14,12.4,70.5,29.2,500000
TAS_2,TAS,8,14,12.4,70.5,29.2,500000